model,task,loss,acc
cortex,copy,3.482684153776902,0.08170128585558853
cortex,recall,3.664997724386362,0.03
lstm,copy,0.3971082591093503,1.0
lstm,recall,3.5771828247950626,0.045
transformer,copy,0.01231071768471828,1.0
transformer,recall,3.633898111490103,0.04
